068/09_068.png,068_forg/03_0113068.PNG,1
068/09_068.png,068_forg/01_0124068.PNG,1
068/09_068.png,068_forg/02_0124068.PNG,1
068/09_068.png,068_forg/01_0113068.PNG,1
068/09_068.png,068_forg/04_0124068.PNG,1
068/09_068.png,068_forg/04_0113068.PNG,1
068/09_068.png,068_forg/02_0113068.PNG,1
068/09_068.png,068_forg/03_0124068.PNG,1
068/02_068.png,068_forg/03_0113068.PNG,1
068/02_068.png,068_forg/01_0124068.PNG,1
031/06_031.png,031/03_031.png,0
031/06_031.png,031/12_031.png,0
031/06_031.png,031/11_031.png,0
031/06_031.png,031/07_031.png,0
031/06_031.png,031/02_031.png,0
031/07_031.png,031/01_031.png,0
031/07_031.png,031/10_031.png,0
031/07_031.png,031/09_031.png,0
031/07_031.png,031/05_031.png,0
031/07_031.png,031/08_031.png,0
031/07_031.png,031/04_031.png,0
